{
  "get_todos": 9.393692016601562e-05,
  "load_todos": 0.00010013580322265625,
  "get_jobs": 7.081031799316406e-05,
  "load_jobs": 7.367134094238281e-05,
  "get_urgency_style": 9.5367431640625e-07,
  "get_status_text": 0.00010037422180175781,
  "parse_and_route_command": 3.0994415283203125e-06,
  "get_job_by_number": 1.430511474609375e-06
}